{
  "IsEncrypted": false,
  "Values": {
    "AzureWebJobsStorage": "UseDevelopmentStorage=true",
    "FUNCTIONS_WORKER_RUNTIME": "dotnet",
    "AesEncryptDecryptKey": "b14ca5898a4e4133bbce2ea2315a1916",
    "ApiKeyAuthentication.ApiKey": "89864797-265F-4697-AC92-4E2A3F9771F0",
    "CatalogPassword": "",
    "CatalogUsername": "",
    "CatalogUri": "",
    "CatalogManagerUri":  "",
    "InRuleDevOpsServiceUri":  "",
    "LookBackPeriodInMinutes": 2,
    "ScheduleAppSetting": "0 */2 * * * *",
    "WEBSITE_RUN_FROM_PACKAGE": "1"
  }
}